{"meta": {"version": "6.2", "timestamp": "2022-01-11T11:38:33.744399", "branch_coverage": false, "show_contexts": false}, "files": {"action/__init__.py": {"executed_lines": [1, 2, 3], "summary": {"covered_lines": 3, "num_statements": 3, "percent_covered": 100.0, "percent_covered_display": "100", "missing_lines": 0, "excluded_lines": 0}, "missing_lines": [], "excluded_lines": []}, "action/badges.py": {"executed_lines": [3, 12, 13, 14, 16, 18, 21, 22, 23, 25, 27, 28, 29, 31, 33, 57, 58, 59, 62, 66, 70, 84], "summary": {"covered_lines": 18, "num_statements": 24, "percent_covered": 75.0, "percent_covered_display": "75", "missing_lines": 6, "excluded_lines": 0}, "missing_lines": [71, 77, 80, 85, 91, 95], "excluded_lines": []}, "action/colors.py": {"executed_lines": [3, 12, 13, 14, 17, 18, 19, 20, 23, 25, 26, 27, 31, 32, 35, 36, 39, 40, 41, 42, 47, 48, 50, 51, 52, 53, 54, 56, 57, 60, 61, 62], "summary": {"covered_lines": 32, "num_statements": 32, "percent_covered": 100.0, "percent_covered_display": "100", "missing_lines": 0, "excluded_lines": 0}, "missing_lines": [], "excluded_lines": []}, "action/coverage.py": {"executed_lines": [3, 12, 13, 14, 15, 16, 18, 21, 22, 23, 27, 28, 29, 33, 34, 35, 38, 40, 41, 45, 46, 48, 49, 50, 51, 52, 53, 55, 56, 57, 58, 61, 62, 63, 66, 68, 69, 70, 74, 75, 77, 78, 79, 80, 81, 82, 84, 85, 86, 87, 88, 92, 93, 97, 100], "summary": {"covered_lines": 53, "num_statements": 55, "percent_covered": 96.36363636363636, "percent_covered_display": "96", "missing_lines": 2, "excluded_lines": 0}, "missing_lines": [24, 30], "excluded_lines": []}, "action/git_data.py": {"executed_lines": [3, 12, 13, 16, 17, 18, 25, 26, 27, 60, 61, 62, 63, 64, 65, 66, 67, 68, 70, 71, 74, 75, 76, 90, 91, 92, 93, 97, 104, 107, 108, 109, 110, 137, 138, 139, 140, 141, 142, 143, 144, 146], "summary": {"covered_lines": 37, "num_statements": 41, "percent_covered": 90.2439024390244, "percent_covered_display": "90", "missing_lines": 4, "excluded_lines": 0}, "missing_lines": [105, 145, 147, 148], "excluded_lines": []}, "action/reports.py": {"executed_lines": [3, 13, 14, 15, 16, 17, 18, 19, 20, 24, 26, 27, 30, 31, 35, 36, 41, 42, 43, 44, 45, 46, 47, 48, 49, 51, 54, 57, 71, 72, 76, 77, 78, 79, 81, 84, 85, 86, 88, 89, 91, 92, 94, 95, 96, 97, 98, 99, 100, 105, 106, 108, 109, 110, 111, 113, 114, 118, 119, 120, 121, 122, 123, 124, 125, 126, 127, 128, 130, 131, 132, 133, 134, 135, 136, 137, 139, 152, 155, 156, 158, 159, 161, 162, 163, 165, 166, 167, 168, 169, 170, 171, 172, 175, 177, 178, 182, 183, 184, 185, 186, 189, 190, 194, 195, 197, 210], "summary": {"covered_lines": 105, "num_statements": 114, "percent_covered": 92.10526315789474, "percent_covered_display": "92", "missing_lines": 9, "excluded_lines": 0}, "missing_lines": [21, 22, 52, 55, 58, 68, 69, 191, 192], "excluded_lines": []}, "tests/__init__.py": {"executed_lines": [1], "summary": {"covered_lines": 0, "num_statements": 0, "percent_covered": 100.0, "percent_covered_display": "100", "missing_lines": 0, "excluded_lines": 0}, "missing_lines": [], "excluded_lines": []}, "tests/test_badges.py": {"executed_lines": [3, 12, 15, 16, 17, 18, 19, 20, 21, 22, 23, 27, 28, 29], "summary": {"covered_lines": 14, "num_statements": 14, "percent_covered": 100.0, "percent_covered_display": "100", "missing_lines": 0, "excluded_lines": 0}, "missing_lines": [], "excluded_lines": []}, "tests/test_colors.py": {"executed_lines": [3, 12, 13, 14, 17, 18, 19, 20, 21, 22, 23, 24, 25, 26, 27, 28, 29, 30, 31, 32, 33], "summary": {"covered_lines": 21, "num_statements": 21, "percent_covered": 100.0, "percent_covered_display": "100", "missing_lines": 0, "excluded_lines": 0}, "missing_lines": [], "excluded_lines": []}, "tests/test_parsers.py": {"executed_lines": [3, 12, 13, 14, 16, 19, 20, 21, 23, 24, 26, 27, 29, 30, 33, 36, 45, 46, 47, 48, 49, 50, 51, 54, 62, 63, 64, 65, 66, 67, 68], "summary": {"covered_lines": 31, "num_statements": 32, "percent_covered": 96.875, "percent_covered_display": "97", "missing_lines": 1, "excluded_lines": 0}, "missing_lines": [31], "excluded_lines": []}, "tests/test_reports.py": {"executed_lines": [3, 12, 13, 14, 17, 18, 21, 22, 25, 26, 27, 28, 29, 30, 32, 33, 34, 35, 41, 42, 45, 46, 47, 48, 50, 51, 52, 53, 54, 55, 56], "summary": {"covered_lines": 30, "num_statements": 32, "percent_covered": 93.75, "percent_covered_display": "94", "missing_lines": 2, "excluded_lines": 0}, "missing_lines": [15, 16], "excluded_lines": []}}, "totals": {"covered_lines": 344, "num_statements": 368, "percent_covered": 93.47826086956522, "percent_covered_display": "93", "missing_lines": 24, "excluded_lines": 0}}